,album,track_number,id,name,uri,acousticness,danceability,energy,instrumentalness,liveness,loudness,speechiness,tempo,valence,popularity,Artist
0,Breath of Love: Last Piece,1,0pDh5dMblZFw7bXRsbekZ1,Breath,spotify:track:0pDh5dMblZFw7bXRsbekZ1,0.109,0.724,0.846,0.0,0.0958,-3.785,0.0538,129.959,0.64,55,GOT7
1,Breath of Love: Last Piece,2,6xrjIHbm6ga5J8HhOS2Rmn,LAST PIECE,spotify:track:6xrjIHbm6ga5J8HhOS2Rmn,0.0324,0.715,0.866,0.0,0.109,-5.505,0.148,98.034,0.688,57,GOT7
2,Breath of Love: Last Piece,3,04YPwOU37XTnzrPTltJz1B,Born Ready,spotify:track:04YPwOU37XTnzrPTltJz1B,0.128,0.839,0.564,0.0,0.241,-7.282,0.0614,124.04,0.515,45,GOT7
3,Breath of Love: Last Piece,4,64vGGXR2JO75ngSyAsvb8d,SPECIAL,spotify:track:64vGGXR2JO75ngSyAsvb8d,0.103,0.761,0.724,0.0,0.0378,-4.569,0.105,90.014,0.883,46,GOT7
4,Breath of Love: Last Piece,5,6oEgj9nOyX7mqEbgP6bKBH,WAVE,spotify:track:6oEgj9nOyX7mqEbgP6bKBH,0.0671,0.547,0.616,0.0,0.357,-5.537,0.0843,154.802,0.418,47,GOT7
5,Breath of Love: Last Piece,6,0nC5ebLXfpgOKOw05joNkq,Waiting For You,spotify:track:0nC5ebLXfpgOKOw05joNkq,0.208,0.625,0.622,8.2e-05,0.17,-6.279,0.0342,146.048,0.279,45,GOT7
6,Breath of Love: Last Piece,7,72CFnNVdYSWvH70PkovdM2,"Thank You, Sorry",spotify:track:72CFnNVdYSWvH70PkovdM2,0.257,0.649,0.528,0.0,0.0987,-7.262,0.0431,80.016,0.496,46,GOT7
7,Breath of Love: Last Piece,8,1hcdSZ6FasEAByx6BrjGXY,1+1,spotify:track:1hcdSZ6FasEAByx6BrjGXY,0.141,0.717,0.863,3.94e-06,0.218,-6.263,0.0486,144.016,0.82,46,GOT7
8,Breath of Love: Last Piece,9,2Efpgql2LGwTC3TGEed2ol,I Mean It,spotify:track:2Efpgql2LGwTC3TGEed2ol,0.00807,0.855,0.809,0.000747,0.293,-4.973,0.0639,123.999,0.667,45,GOT7
9,Breath of Love: Last Piece,10,7JkWbwxCqmm913MgcxIozF,We Are Young,spotify:track:7JkWbwxCqmm913MgcxIozF,0.254,0.786,0.639,0.0,0.116,-5.313,0.0584,140.011,0.724,45,GOT7
29,Love Loop,1,63XFgN7jJH5RZW0zHy3i7h,LOVE LOOP,spotify:track:63XFgN7jJH5RZW0zHy3i7h,0.141,0.577,0.695,0.0,0.264,-4.008,0.034,128.024,0.229,44,GOT7
30,Love Loop,2,78TX9OaJQrhDDmRdEXAuyD,YOUR SPACE,spotify:track:78TX9OaJQrhDDmRdEXAuyD,0.0177,0.703,0.727,0.0,0.107,-5.106,0.202,150.035,0.322,30,GOT7
31,Love Loop,3,3UFrb2qBvZcvqWHdHYTf1h,備忘録,spotify:track:3UFrb2qBvZcvqWHdHYTf1h,0.0955,0.847,0.678,0.0,0.082,-4.566,0.0831,110.024,0.583,30,GOT7
32,Love Loop,4,6y0QfCYgK1dDzJotwMVY4y,KARMA,spotify:track:6y0QfCYgK1dDzJotwMVY4y,0.25,0.599,0.664,3.17e-05,0.0764,-7.103,0.0739,179.89,0.55,31,GOT7
33,Love Loop,5,5qH7P3weadAns1MeUmLpIH,DRUNK,spotify:track:5qH7P3weadAns1MeUmLpIH,0.0998,0.708,0.766,0.0,0.0449,-5.577,0.042,109.984,0.685,29,GOT7
34,Love Loop,6,5eLHvee7rYoMHpvClrOG9l,#SUMMERVIBES,spotify:track:5eLHvee7rYoMHpvClrOG9l,0.119,0.806,0.651,0.0,0.142,-4.346,0.0553,120.011,0.496,29,GOT7
35,Love Loop,7,4mGNltBSdlU4FScrQdv50S,REMEMBER ME,spotify:track:4mGNltBSdlU4FScrQdv50S,0.00985,0.701,0.615,6.64e-05,0.0988,-5.717,0.0346,92.987,0.339,29,GOT7
36,Love Loop,8,7M0p6IED6ZA3aqmO9NJY6u,SUPERMAN,spotify:track:7M0p6IED6ZA3aqmO9NJY6u,0.0504,0.614,0.45,0.0,0.113,-5.455,0.0258,93.001,0.145,35,GOT7
37,Love Loop,9,2tvlYZ4ugOGpqQQzA5xOHu,LOVE LOOP (Instrumental),spotify:track:2tvlYZ4ugOGpqQQzA5xOHu,0.00122,0.568,0.7,0.697,0.223,-6.773,0.0275,128.033,0.0834,18,GOT7
38,I Won't Let You Go (Complete Edition),1,7MbapO3ZrXWMm4dCJDchlt,I WON'T LET YOU GO,spotify:track:7MbapO3ZrXWMm4dCJDchlt,0.0728,0.669,0.89,0.0,0.0797,-1.844,0.0457,100.043,0.432,44,GOT7
39,I Won't Let You Go (Complete Edition),2,0GrJHL8wfU6TCS7iRhGlZM,NEVER ENDING STORY,spotify:track:0GrJHL8wfU6TCS7iRhGlZM,0.217,0.68,0.847,0.0,0.0733,-2.177,0.051,106.051,0.476,38,GOT7
40,I Won't Let You Go (Complete Edition),3,4IAXVS8vOGoY89nWAAe1OH,ZERO,spotify:track:4IAXVS8vOGoY89nWAAe1OH,0.0196,0.578,0.92,0.0,0.123,-4.044,0.162,100.015,0.651,36,GOT7
41,I Won't Let You Go (Complete Edition),4,1jJrOj07b8AgaOVKxWX6rF,SEESAW,spotify:track:1jJrOj07b8AgaOVKxWX6rF,0.0543,0.665,0.688,0.0,0.134,-3.856,0.0273,93.022,0.519,38,GOT7
42,I Won't Let You Go (Complete Edition),5,4wh0WRxgUNmlcumi5NC8Gr,REBORN,spotify:track:4wh0WRxgUNmlcumi5NC8Gr,0.23,0.672,0.56,0.0,0.121,-5.374,0.0399,138.04,0.25,31,GOT7
43,I Won't Let You Go (Complete Edition),6,0w7kly3njndx9OpxhnbNeJ,COLD,spotify:track:0w7kly3njndx9OpxhnbNeJ,0.00382,0.662,0.762,0.00698,0.117,-7.197,0.064,164.096,0.76,31,GOT7
44,I Won't Let You Go (Complete Edition),7,2Ny6mqaPLEhCS1bJvo7YKE,25,spotify:track:2Ny6mqaPLEhCS1bJvo7YKE,0.0167,0.696,0.858,0.0,0.653,-4.198,0.0546,99.981,0.553,36,GOT7
45,I Won't Let You Go (Complete Edition),8,3dKc99CYkqUTrZdP4UIKxK,I WON'T LET YOU GO (Reggaeton Remix),spotify:track:3dKc99CYkqUTrZdP4UIKxK,0.000193,0.653,0.84,8.82e-05,0.307,-4.01,0.0337,100.022,0.222,23,GOT7
46,I Won't Let You Go (Complete Edition),9,0lPYCQPVBPuLnlvAtHpi92,I WON'T LET YOU GO (Instrumental),spotify:track:0lPYCQPVBPuLnlvAtHpi92,0.0013,0.593,0.923,0.608,0.0667,-3.654,0.0306,99.998,0.308,20,GOT7
56,&ME Edition,1,1yG6zmlUw5Zxxje3nBIjlu,Miracle,spotify:track:1yG6zmlUw5Zxxje3nBIjlu,0.808,0.398,0.34,0.0,0.109,-7.209,0.0299,173.452,0.464,50,GOT7
57,&ME Edition,2,1BR9Y1N9OLNMqEGcKAdy0K,Take Me To You,spotify:track:1BR9Y1N9OLNMqEGcKAdy0K,0.519,0.708,0.693,0.0,0.108,-4.427,0.0408,124.88,0.469,44,GOT7
58,&ME Edition,3,7owtO9ZBTqTggJojaTKEkE,안 보여 Come On,spotify:track:7owtO9ZBTqTggJojaTKEkE,0.26,0.76,0.673,0.0,0.167,-3.487,0.0426,140.032,0.81,45,GOT7
59,&ME Edition,4,5vUyOyf1JRJglgkO8YwScG,잘 지내야해 1:31AM,spotify:track:5vUyOyf1JRJglgkO8YwScG,0.16,0.591,0.565,0.0,0.103,-5.184,0.0423,139.758,0.137,44,GOT7
60,&ME Edition,5,4FvleEiBzOIsG5Ksjg2mfk,Higher,spotify:track:4FvleEiBzOIsG5Ksjg2mfk,0.0224,0.65,0.891,0.000167,0.122,-2.879,0.0906,130.099,0.517,36,GOT7
61,&ME Edition,6,57j3MR97m3pY6gFdzv8nrs,I Love It,spotify:track:57j3MR97m3pY6gFdzv8nrs,0.0371,0.796,0.605,0.0,0.115,-5.992,0.075,140.031,0.456,33,GOT7
62,&ME Edition,7,2A27zEZagIqtgpzLtnmjbb,WOLO,spotify:track:2A27zEZagIqtgpzLtnmjbb,0.00207,0.588,0.85,0.0,0.428,-3.49,0.256,150.022,0.667,36,GOT7
63,&ME Edition,8,7cst48ixgIYEvdmIaCMoIm,King,spotify:track:7cst48ixgIYEvdmIaCMoIm,0.000608,0.472,0.616,0.000659,0.0919,-5.795,0.0542,129.505,0.422,39,GOT7
64,&ME Edition,9,4EPSCgvJCYlw563M1UqZxQ,Think About It,spotify:track:4EPSCgvJCYlw563M1UqZxQ,0.233,0.782,0.579,0.0,0.302,-4.896,0.0562,115.073,0.4,37,GOT7
65,&ME Edition,10,1ZM75OgbDpCxACUufAKVvE,이젠 From Now,spotify:track:1ZM75OgbDpCxACUufAKVvE,0.384,0.71,0.493,0.0,0.124,-5.292,0.131,98.001,0.176,35,GOT7
66,&ME Edition,11,6gmQfEMsjSrUha5B2aTr2Y,Hunger,spotify:track:6gmQfEMsjSrUha5B2aTr2Y,0.0462,0.745,0.836,2.95e-06,0.194,-6.277,0.269,140.044,0.382,30,GOT7
67,&ME Edition,12,5DW7fPdFZVcayLhHCADNKa,Phoenix,spotify:track:5DW7fPdFZVcayLhHCADNKa,0.0553,0.927,0.902,0.0,0.329,-3.315,0.203,124.0,0.764,32,GOT7
80,&ME Edition,25,7MfJtG2dnKJXnVV4oece7v,Lullaby - English.Ver,spotify:track:7MfJtG2dnKJXnVV4oece7v,0.00601,0.724,0.901,0.0,0.131,-2.919,0.1,129.973,0.613,26,GOT7
81,&ME Edition,26,6YVz2RKc6dzd8VGMlFElHk,Lullaby - Chinese.Ver,spotify:track:6YVz2RKc6dzd8VGMlFElHk,0.0103,0.73,0.907,0.0,0.108,-2.759,0.124,130.021,0.552,19,GOT7
82,&ME Edition,27,1LH2jPx3VR7tTSvFwB5bD8,Lullaby - Spanish.Ver,spotify:track:1LH2jPx3VR7tTSvFwB5bD8,0.00806,0.746,0.92,0.0,0.0917,-2.394,0.148,130.04,0.638,24,GOT7
84,Present : YOU,1,2iXvnjL5CH66UpnGjXHDmZ,Lullaby,spotify:track:2iXvnjL5CH66UpnGjXHDmZ,0.015,0.727,0.888,0.0,0.113,-2.756,0.0881,129.993,0.726,57,GOT7
85,Present : YOU,2,7BALO7SHArF0ylpJ0dno5x,Enough,spotify:track:7BALO7SHArF0ylpJ0dno5x,0.104,0.733,0.87,0.0,0.189,-1.842,0.041,126.995,0.482,35,GOT7
86,Present : YOU,3,2E2bFthdXWisDc8PC75rZt,지켜줄게 Save You,spotify:track:2E2bFthdXWisDc8PC75rZt,0.159,0.735,0.953,0.0,0.337,-1.787,0.0513,104.945,0.524,39,GOT7
87,Present : YOU,4,4QHs3gzvQ0vOMRH5cBxBWY,No One Else,spotify:track:4QHs3gzvQ0vOMRH5cBxBWY,0.372,0.75,0.769,0.0,0.159,-3.854,0.0755,124.964,0.35,38,GOT7
88,Present : YOU,5,0sTfJY7Ij9idnH7plzxkkS,I Am Me,spotify:track:0sTfJY7Ij9idnH7plzxkkS,0.0519,0.697,0.721,3.01e-06,0.172,-4.911,0.0462,135.02,0.332,43,GOT7
89,Present : YOU,6,74pFS2LJmnYm7GckBLSVOJ,Sunrise,spotify:track:74pFS2LJmnYm7GckBLSVOJ,0.691,0.603,0.541,0.0,0.0979,-4.732,0.0865,138.086,0.465,44,GOT7
90,Present : YOU,7,1183GPHs7Sovg29p4ym8rP,OMW,spotify:track:1183GPHs7Sovg29p4ym8rP,0.28,0.724,0.798,1.99e-06,0.17,-4.865,0.0853,81.995,0.53,39,GOT7
91,Present : YOU,8,6eLxipfx6UCHq4klwepHZH,Made It,spotify:track:6eLxipfx6UCHq4klwepHZH,0.11,0.711,0.86,0.0,0.406,-2.542,0.0706,140.073,0.336,39,GOT7
92,Present : YOU,9,38u3ye3vz5k67AlwndgWDb,My Youth,spotify:track:38u3ye3vz5k67AlwndgWDb,0.0529,0.58,0.761,0.0,0.113,-3.34,0.0303,105.051,0.432,41,GOT7
93,Present : YOU,10,4ailBZ2P7yZ6K0PGU3M50l,혼자 Nobody knows,spotify:track:4ailBZ2P7yZ6K0PGU3M50l,0.55,0.625,0.777,2.18e-05,0.0872,-2.637,0.0461,129.958,0.49,36,GOT7
94,Present : YOU,11,4N38gZ1gE9OPR55BncXUAC,Party,spotify:track:4N38gZ1gE9OPR55BncXUAC,0.0027,0.708,0.892,0.0465,0.277,-3.918,0.033,124.005,0.513,39,GOT7
95,Present : YOU,12,61A7csCACYLHMCU2LAQ4yr,Fine,spotify:track:61A7csCACYLHMCU2LAQ4yr,0.562,0.686,0.65,0.0,0.259,-4.596,0.0729,106.118,0.475,36,GOT7
96,Present : YOU,13,16eRR7XkOtzj8ViIjiN1Cu,Lullaby - English Ver.,spotify:track:16eRR7XkOtzj8ViIjiN1Cu,0.00601,0.724,0.901,0.0,0.131,-2.919,0.1,129.973,0.613,42,GOT7
97,Present : YOU,14,3pPI1XWHn9eSv13bUZbVN8,Lullaby - Chinese Ver.,spotify:track:3pPI1XWHn9eSv13bUZbVN8,0.0103,0.73,0.907,0.0,0.108,-2.759,0.124,130.021,0.552,26,GOT7
98,Present : YOU,15,3FmOKx68A1cQ42cpIerO7o,Lullaby - Spanish Ver.,spotify:track:3FmOKx68A1cQ42cpIerO7o,0.00806,0.746,0.92,0.0,0.0917,-2.394,0.148,130.04,0.638,42,GOT7
99,Present : YOU,16,33qeo55RwFZug6j1uB0JQX,Lullaby - Inst.,spotify:track:33qeo55RwFZug6j1uB0JQX,0.000419,0.784,0.861,0.734,0.107,-4.482,0.0525,130.037,0.545,24,GOT7
102,Present : YOU,3,2bKB27QzAB0DctNHROxVNZ,지켜줄게,spotify:track:2bKB27QzAB0DctNHROxVNZ,0.159,0.735,0.953,0.0,0.337,-1.787,0.0513,104.945,0.524,2,GOT7
109,Present : YOU,10,6heZU1t6TLk4EcJIEW1cTX,혼자 (Nobody knows),spotify:track:6heZU1t6TLk4EcJIEW1cTX,0.55,0.626,0.777,2.11e-05,0.0872,-2.637,0.0459,129.954,0.49,1,GOT7
112,Present : YOU,13,51xN0CMMsS2Y4NiV9pT10v,Lullaby (English Ver.),spotify:track:51xN0CMMsS2Y4NiV9pT10v,0.00591,0.724,0.902,0.0,0.131,-2.915,0.101,129.973,0.617,2,GOT7
113,Present : YOU,14,7CSQVBwJNsoaDkjT7qwbCE,Lullaby (Chinese Ver.),spotify:track:7CSQVBwJNsoaDkjT7qwbCE,0.0105,0.73,0.907,0.0,0.108,-2.76,0.124,130.022,0.574,1,GOT7
114,Present : YOU,15,5nDh7ovLISt3gOxH5ZUrb2,Lullaby (Spanish Ver.),spotify:track:5nDh7ovLISt3gOxH5ZUrb2,0.00806,0.747,0.92,0.0,0.0917,-2.394,0.148,130.041,0.637,1,GOT7
115,Present : YOU,16,2iYk3UrqEA1NaHvU3b5BqV,Lullaby (Inst,spotify:track:2iYk3UrqEA1NaHvU3b5BqV,0.00042,0.786,0.861,0.75,0.107,-4.482,0.053,130.037,0.526,1,GOT7
125,Turn Up (Complete Edition),1,5o5A8FNgsXuF25vTGDhz6Y,TURN UP,spotify:track:5o5A8FNgsXuF25vTGDhz6Y,0.00728,0.751,0.873,0.0,0.317,-3.02,0.0718,107.974,0.628,30,GOT7
126,Turn Up (Complete Edition),2,3kLHlThjyoAv9zOnSjlZPC,DESSERT,spotify:track:3kLHlThjyoAv9zOnSjlZPC,0.148,0.58,0.977,0.0,0.306,-1.919,0.162,172.946,0.566,24,GOT7
127,Turn Up (Complete Edition),3,4OLJ7fIxL67ZdF1ld660YQ,LION BOY,spotify:track:4OLJ7fIxL67ZdF1ld660YQ,0.0974,0.756,0.947,0.0,0.335,-2.188,0.0509,103.994,0.458,29,GOT7
128,Turn Up (Complete Edition),4,4RmIbtFGq6IW7fMbl13Dg9,FLASH UP,spotify:track:4RmIbtFGq6IW7fMbl13Dg9,0.0222,0.612,0.776,0.0,0.16,-3.857,0.0326,89.979,0.347,31,GOT7
129,Turn Up (Complete Edition),5,5mbg2RboaFvO1ppPPLsq8N,WHY,spotify:track:5mbg2RboaFvO1ppPPLsq8N,0.172,0.677,0.782,0.0,0.114,-5.305,0.064,125.022,0.337,28,GOT7
130,Turn Up (Complete Edition),6,4SznOf3GSuBObvaLmYZDw2,この胸に,spotify:track:4SznOf3GSuBObvaLmYZDw2,0.0713,0.611,0.542,6.22e-06,0.249,-5.671,0.0265,137.943,0.324,28,GOT7
131,Turn Up (Complete Edition),7,2xmVD1aVbElj9nGecAcsIR,97 YOUNG & RICH,spotify:track:2xmVD1aVbElj9nGecAcsIR,0.00276,0.831,0.718,0.000105,0.092,-5.59,0.0726,100.007,0.595,28,GOT7
132,Turn Up (Complete Edition),8,3eHrTSJMZMQvXdb1d7PAGx,TURN UP Remix - Remix,spotify:track:3eHrTSJMZMQvXdb1d7PAGx,0.00342,0.66,0.929,0.0,0.319,-4.202,0.23,110.029,0.643,18,GOT7
133,Turn Up (Complete Edition),9,63g8lCsMkW1nHdaGsEG5OB,TURN UP (Instrumental),spotify:track:63g8lCsMkW1nHdaGsEG5OB,9.5e-05,0.691,0.84,0.581,0.285,-5.108,0.0428,108.013,0.402,13,GOT7
134,FLIGHT LOG : ARRIVAL,1,4tzkSoh450XnimhNWVmBhg,Never Ever,spotify:track:4tzkSoh450XnimhNWVmBhg,0.266,0.794,0.835,0.0,0.0979,-2.043,0.0961,101.039,0.771,56,GOT7
135,FLIGHT LOG : ARRIVAL,2,7eZBdBZGlWuX14Xys0puHy,Shopping Mall,spotify:track:7eZBdBZGlWuX14Xys0puHy,0.123,0.862,0.754,0.0,0.249,-2.417,0.068,99.991,0.82,37,GOT7
136,FLIGHT LOG : ARRIVAL,3,5J7LpvVQDhSErvu6GVX5yg,Paradise,spotify:track:5J7LpvVQDhSErvu6GVX5yg,0.0775,0.678,0.891,0.0,0.58,-1.846,0.0409,102.948,0.689,42,GOT7
137,FLIGHT LOG : ARRIVAL,4,05LBUuMnaYL9A6NYAn6g7r,Sign,spotify:track:05LBUuMnaYL9A6NYAn6g7r,0.0334,0.79,0.628,0.0,0.127,-3.202,0.035,130.043,0.526,38,GOT7
138,FLIGHT LOG : ARRIVAL,5,2nLTCzKy1Ft8ZvQr5YlhjP,Go Higher,spotify:track:2nLTCzKy1Ft8ZvQr5YlhjP,0.151,0.689,0.954,0.0,0.371,-1.31,0.136,127.973,0.786,34,GOT7
139,FLIGHT LOG : ARRIVAL,6,11DlvRb3lhcDViqDHwevCU,Q,spotify:track:11DlvRb3lhcDViqDHwevCU,0.304,0.737,0.734,0.0,0.107,-2.553,0.128,105.929,0.799,35,GOT7
140,FLIGHT LOG : ARRIVAL,7,4o3G7vpNGxNh6EFhDM0skm,양심없이 Don’t care,spotify:track:4o3G7vpNGxNh6EFhDM0skm,0.107,0.848,0.591,0.0,0.195,-4.227,0.128,125.025,0.545,32,GOT7
141,FLIGHT LOG : ARRIVAL,8,7JjJRdHYZRLEWatnwNqlXp,OUT,spotify:track:7JjJRdHYZRLEWatnwNqlXp,0.023,0.741,0.948,0.0,0.0594,-1.734,0.0888,103.968,0.663,34,GOT7
143,FLIGHT LOG : TURBULENCE,2,0UGsYhQ8gceKWEDbPMSuWv,하드캐리,spotify:track:0UGsYhQ8gceKWEDbPMSuWv,0.0133,0.688,0.921,0.0,0.393,-1.047,0.0873,99.97,0.704,12,GOT7
146,FLIGHT LOG : TURBULENCE,5,37QoaMszA9JIR8r0G6hti9,노잼,spotify:track:37QoaMszA9JIR8r0G6hti9,0.231,0.854,0.875,0.0,0.0506,-2.99,0.0897,100.026,0.467,2,GOT7
150,FLIGHT LOG : TURBULENCE,9,2lYFYJcpeCVfz7eM1RuSOh,Who's That,spotify:track:2lYFYJcpeCVfz7eM1RuSOh,0.117,0.846,0.684,0.0,0.0838,-3.71,0.102,111.975,0.614,2,GOT7
151,FLIGHT LOG : TURBULENCE,10,0CaC6chvu4A38C95HpcrWG,만약에,spotify:track:0CaC6chvu4A38C95HpcrWG,0.0489,0.672,0.743,0.0,0.393,-2.646,0.038,94.042,0.573,2,GOT7
152,FLIGHT LOG : TURBULENCE,11,08fcgFk64UYn2sk3epoHnk,아파,spotify:track:08fcgFk64UYn2sk3epoHnk,0.549,0.665,0.715,0.0,0.15,-2.729,0.0485,91.028,0.533,2,GOT7
153,FLIGHT LOG : TURBULENCE,12,58yNwwIqLHX9mcfLWqe3K0,니꿈꿔,spotify:track:58yNwwIqLHX9mcfLWqe3K0,0.383,0.931,0.784,0.0,0.0437,-2.395,0.241,115.016,0.546,3,GOT7
155,FLIGHT LOG : TURBULENCE,1,5i1RcRRodwy5lelFacx6AM,skyway,spotify:track:5i1RcRRodwy5lelFacx6AM,0.0805,0.646,0.903,0.0,0.656,-2.11,0.148,96.084,0.484,40,GOT7
156,FLIGHT LOG : TURBULENCE,2,1xzCUpXSMnAbckUXDwBTlW,하드캐리 Hard Carry,spotify:track:1xzCUpXSMnAbckUXDwBTlW,0.0148,0.7,0.873,0.0,0.343,-2.901,0.0869,99.972,0.612,57,GOT7
157,FLIGHT LOG : TURBULENCE,3,21IfoFhE9piawTxaos1L1r,Boom x3,spotify:track:21IfoFhE9piawTxaos1L1r,0.00821,0.809,0.8,0.0,0.0499,-1.548,0.0344,102.032,0.451,34,GOT7
158,FLIGHT LOG : TURBULENCE,4,1JawNrC8uFnFomifyONahL,Prove It,spotify:track:1JawNrC8uFnFomifyONahL,0.274,0.688,0.687,0.0,0.578,-3.04,0.0629,122.903,0.385,40,GOT7
159,FLIGHT LOG : TURBULENCE,5,3j4Lh7rsk74s2vkUAvO29B,노잼 No Jam,spotify:track:3j4Lh7rsk74s2vkUAvO29B,0.235,0.854,0.876,0.0,0.0502,-3.007,0.101,100.033,0.501,32,GOT7
160,FLIGHT LOG : TURBULENCE,6,10As4dmozw8Fmezqn1tEaU,HEY,spotify:track:10As4dmozw8Fmezqn1tEaU,0.376,0.72,0.883,0.0,0.0514,-1.376,0.119,99.988,0.753,38,GOT7
161,FLIGHT LOG : TURBULENCE,7,76lJZc0CzsW4pdiwOez9pU,Mayday,spotify:track:76lJZc0CzsW4pdiwOez9pU,0.0181,0.527,0.865,0.0,0.132,-2.073,0.103,154.986,0.364,36,GOT7
162,FLIGHT LOG : TURBULENCE,8,0M0hPIskg4OVC11rkp4Xnp,My Home,spotify:track:0M0hPIskg4OVC11rkp4Xnp,0.382,0.435,0.884,0.0,0.375,-1.591,0.285,89.924,0.898,40,GOT7
163,FLIGHT LOG : TURBULENCE,9,4ZszdhuMa7xyedSM1tULbP,Who’s That,spotify:track:4ZszdhuMa7xyedSM1tULbP,0.0949,0.841,0.686,0.0,0.0722,-3.705,0.14,112.076,0.585,33,GOT7
164,FLIGHT LOG : TURBULENCE,10,5oYdAmpOAWE6Tx38AD6fbG,만약에 If,spotify:track:5oYdAmpOAWE6Tx38AD6fbG,0.0444,0.672,0.746,0.0,0.492,-2.668,0.0398,94.032,0.579,36,GOT7
165,FLIGHT LOG : TURBULENCE,11,4YwR8Zo29kK4vVzygHo4nt,아파 Sick,spotify:track:4YwR8Zo29kK4vVzygHo4nt,0.549,0.666,0.717,0.0,0.133,-2.744,0.0504,91.013,0.517,37,GOT7
166,FLIGHT LOG : TURBULENCE,12,55Uatmasb5TIwtEUoW7lTm,니꿈꿔 Dreamin’,spotify:track:55Uatmasb5TIwtEUoW7lTm,0.385,0.933,0.79,0.0,0.0425,-2.417,0.243,115.003,0.535,34,GOT7
167,FLIGHT LOG : TURBULENCE,13,32gGg6vpjTGYEwX33PWTlU,Let Me,spotify:track:32gGg6vpjTGYEwX33PWTlU,0.358,0.732,0.659,0.0,0.0961,-2.866,0.0404,98.015,0.331,48,GOT7
168,FLIGHT LOG : DEPARTURE,1,3CK5Fc55KyS4Tg9Q9XrCYC,Fly,spotify:track:3CK5Fc55KyS4Tg9Q9XrCYC,0.201,0.604,0.905,0.0,0.345,-1.87,0.165,132.974,0.718,50,GOT7
169,FLIGHT LOG : DEPARTURE,2,6dReZTDTs4ULNElCOdYvfm,못하겠어 Can't,spotify:track:6dReZTDTs4ULNElCOdYvfm,0.0495,0.719,0.846,0.0,0.0289,-3.752,0.223,169.927,0.855,33,GOT7
170,FLIGHT LOG : DEPARTURE,3,0sa0z0V3q9DFrhpXxKIAli,빛이나 See The Light,spotify:track:0sa0z0V3q9DFrhpXxKIAli,0.114,0.645,0.643,0.0,0.108,-4.262,0.0992,169.949,0.425,40,GOT7
171,FLIGHT LOG : DEPARTURE,4,1jPSccbDAT5rXiA09Zotjz,FISH,spotify:track:1jPSccbDAT5rXiA09Zotjz,0.0268,0.741,0.672,1.89e-05,0.0769,-3.972,0.127,182.976,0.631,30,GOT7
172,FLIGHT LOG : DEPARTURE,5,5fIFPHG000TRTfVD2AzpxJ,REWIND,spotify:track:5fIFPHG000TRTfVD2AzpxJ,0.0324,0.657,0.802,0.0,0.273,-4.058,0.0612,94.984,0.512,31,GOT7
173,FLIGHT LOG : DEPARTURE,6,3UvyTECMzPoVvh2005oVlG,Beggin on my knees,spotify:track:3UvyTECMzPoVvh2005oVlG,0.0533,0.681,0.873,0.0,0.0491,-4.538,0.0737,128.001,0.766,34,GOT7
174,FLIGHT LOG : DEPARTURE,7,1P4kNWPCDaXVXzkzSyDaE8,Something Good,spotify:track:1P4kNWPCDaXVXzkzSyDaE8,0.346,0.612,0.791,0.0,0.0986,-5.111,0.0554,191.888,0.721,35,GOT7
181,モリ↑ガッテヨ(通常盤),7,4xol2Zy0eph1mkG7bMc8vS,LOVE TRAIN,spotify:track:4xol2Zy0eph1mkG7bMc8vS,0.00217,0.618,0.981,0.0,0.32,-2.335,0.14,76.478,0.823,10,GOT7
184,モリ↑ガッテヨ(通常盤),10,61fFm0v5VNbIW0lNobR80Z,ANGEL,spotify:track:61fFm0v5VNbIW0lNobR80Z,0.0227,0.762,0.672,0.0,0.11,-4.58,0.0543,135.996,0.445,10,GOT7
185,モリ↑ガッテヨ(通常盤),11,6koeC8Uw2RmnUplPj8B4Lb,STAY,spotify:track:6koeC8Uw2RmnUplPj8B4Lb,0.462,0.707,0.632,0.0,0.105,-4.521,0.037,91.001,0.384,13,GOT7
186,モリ↑ガッテヨ(通常盤),12,1kCLXmrXWlK8hXoz5MwDTJ,SO LUCKY,spotify:track:1kCLXmrXWlK8hXoz5MwDTJ,0.327,0.689,0.954,0.0,0.0738,-1.885,0.104,109.0,0.739,9,GOT7
187,モリ↑ガッテヨ(初回生産盤B),1,4mF7gsj2pc07RnoliScrBJ,SHAKING THE WORLD,spotify:track:4mF7gsj2pc07RnoliScrBJ,0.00236,0.677,0.891,3.81e-05,0.158,-4.937,0.0336,96.041,0.203,4,GOT7
188,モリ↑ガッテヨ(初回生産盤B),2,6A7I3Axif7WSNhzPe03kdm,Yo モリアガッテ Yo,spotify:track:6A7I3Axif7WSNhzPe03kdm,0.0421,0.763,0.979,0.0,0.0736,-2.032,0.0869,107.054,0.737,9,GOT7
189,モリ↑ガッテヨ(初回生産盤B),3,73vFCyWNDZ81U0p6Vk6woL,GOT ur LUV,spotify:track:73vFCyWNDZ81U0p6Vk6woL,0.00861,0.747,0.876,0.0,0.122,-3.538,0.0347,100.036,0.653,6,GOT7
190,モリ↑ガッテヨ(初回生産盤B),4,7zxi0PwcQpCZaTxcTPOA5j,LAUGH LAUGH LAUGH,spotify:track:7zxi0PwcQpCZaTxcTPOA5j,0.0229,0.757,0.862,0.0,0.462,-3.862,0.12,96.022,0.56,11,GOT7
191,モリ↑ガッテヨ(初回生産盤B),5,3mm4QebSUIdJZKMFO8p1FQ,BE MY GIRL,spotify:track:3mm4QebSUIdJZKMFO8p1FQ,0.000313,0.666,0.923,0.000758,0.0611,-4.408,0.0493,122.999,0.668,5,GOT7
192,モリ↑ガッテヨ(初回生産盤B),6,6UPBVt00yEZqwUB6RUUp69,AROUND THE WORLD,spotify:track:6UPBVt00yEZqwUB6RUUp69,0.012,0.705,0.926,0.0,0.106,-3.593,0.181,140.051,0.652,7,GOT7
194,モリ↑ガッテヨ(初回生産盤B),8,79exufrOkcumgiByKj00rN,JIBBERISH,spotify:track:79exufrOkcumgiByKj00rN,0.0204,0.662,0.823,0.0,0.102,-3.674,0.238,170.07,0.609,5,GOT7
195,モリ↑ガッテヨ(初回生産盤B),9,7r5aj8yF9laKpRe0A4BzKO,O.M.G,spotify:track:7r5aj8yF9laKpRe0A4BzKO,0.0583,0.8,0.709,0.0,0.0701,-4.766,0.0672,102.955,0.559,6,GOT7
199,モリ↑ガッテヨ(初回生産盤B),13,1rwkPAQ1kzsiJNeR50FQGR,Girls Girls Girls -Japanese ver.- - Japanese Version,spotify:track:1rwkPAQ1kzsiJNeR50FQGR,0.0928,0.778,0.809,4.64e-05,0.128,-4.51,0.0608,89.986,0.509,11,GOT7
200,モリ↑ガッテヨ(初回生産盤B),14,2WGB4HtQ01VhbsjHxrRgIL,A -Japanese ver.- - Japanese Version,spotify:track:2WGB4HtQ01VhbsjHxrRgIL,0.0207,0.719,0.728,0.0,0.256,-3.521,0.0308,102.933,0.397,13,GOT7
201,モリ↑ガッテヨ(初回生産盤B),15,2AlpyF6zEb1pfZgF1Rjjn5,Stop stop it -Japanese ver.- - Japanese Version,spotify:track:2AlpyF6zEb1pfZgF1Rjjn5,0.0325,0.733,0.581,0.0,0.0258,-5.129,0.0352,89.1,0.745,13,GOT7
202,モリ↑ガッテヨ(初回生産盤B),16,2qlBUXfSZiqK9I5JVpTaJV,Just right -Japanese ver.- - Japanese Version,spotify:track:2qlBUXfSZiqK9I5JVpTaJV,0.352,0.769,0.716,0.0,0.24,-3.712,0.0646,96.017,0.763,27,GOT7
203,MAD Winter Edition,1,0Lw61bzbNQz9Nkw4uRlx4F,고백송 Confession Song,spotify:track:0Lw61bzbNQz9Nkw4uRlx4F,0.06,0.615,0.701,0.0,0.114,-4.258,0.031,94.081,0.257,44,GOT7
204,MAD Winter Edition,2,5JoWXOAaNnpL9N3w43itY9,매일 Everyday,spotify:track:5JoWXOAaNnpL9N3w43itY9,0.348,0.524,0.649,0.0,0.111,-7.084,0.214,143.985,0.566,32,GOT7
205,MAD Winter Edition,3,3zB5qibILA2VJzZryVFAfR,이.별 To. Star,spotify:track:3zB5qibILA2VJzZryVFAfR,0.098,0.626,0.708,0.0,0.0895,-5.784,0.0415,140.0,0.304,34,GOT7
206,MAD Winter Edition,4,72HYwYmfl6Y8AzbJO0z6vB,니가 하면 If You Do,spotify:track:72HYwYmfl6Y8AzbJO0z6vB,0.0557,0.692,0.886,0.0,0.217,-1.642,0.0766,129.957,0.757,55,GOT7
207,MAD Winter Edition,5,7BL5wrRcT4lSCejvBym1Vn,손들어 Put them up,spotify:track:7BL5wrRcT4lSCejvBym1Vn,0.0142,0.724,0.847,0.0,0.195,-2.993,0.0456,99.92,0.502,28,GOT7
208,MAD Winter Edition,6,1oZ6e6ZWfF3sNhj8LMCP75,느낌이 좋아 Feelin' Good,spotify:track:1oZ6e6ZWfF3sNhj8LMCP75,0.0606,0.842,0.872,0.0,0.0751,-2.825,0.0522,110.008,0.83,26,GOT7
209,MAD Winter Edition,7,0SL5CqcEL8xwU6COeCxYd5,GOOD,spotify:track:0SL5CqcEL8xwU6COeCxYd5,0.0307,0.799,0.835,0.0,0.352,-3.831,0.0699,119.973,0.834,29,GOT7
210,MAD Winter Edition,8,3T7PmlRBOG4KSZfGv9U6k2,눈이가요 Eyes On,spotify:track:3T7PmlRBOG4KSZfGv9U6k2,0.0719,0.765,0.85,0.0,0.0561,-3.28,0.124,92.985,0.655,26,GOT7
211,MAD Winter Edition,9,7pV9iahT22jLH9UrLUif2a,Tic Tic Tok,spotify:track:7pV9iahT22jLH9UrLUif2a,0.00883,0.86,0.87,1.04e-05,0.0876,-2.741,0.104,123.013,0.687,29,GOT7
212,MAD Winter Edition,10,26VbdoXDnpL76NScu9Zust,니가 하면 If You Do (Stage ver.),spotify:track:26VbdoXDnpL76NScu9Zust,0.265,0.658,0.942,0.0,0.199,-1.344,0.0717,129.949,0.716,27,GOT7
213,Identify,1,5DMJmSSOWD6Zx0Jg0TXEB6,하지하지마 Stop stop it,spotify:track:5DMJmSSOWD6Zx0Jg0TXEB6,0.00886,0.577,0.612,0.0,0.0524,-3.804,0.0459,178.314,0.686,48,GOT7
214,Identify,2,36oHojGT9jO61c9LaUJ2gF,Gimme,spotify:track:36oHojGT9jO61c9LaUJ2gF,0.0517,0.741,0.758,0.0,0.0838,-5.03,0.0924,110.952,0.785,33,GOT7
215,Identify,3,4SeP4tge349xhETbKcOiJp,손이 가 Take My Hand,spotify:track:4SeP4tge349xhETbKcOiJp,0.0639,0.686,0.839,0.0,0.0644,-5.344,0.0754,97.991,0.576,32,GOT7
216,Identify,4,3qLNtf8mMhjivYM84iVmy8,너란 Girl Magnetic,spotify:track:3qLNtf8mMhjivYM84iVmy8,0.0596,0.72,0.87,0.0,0.346,-4.129,0.0445,109.96,0.842,40,GOT7
217,Identify,5,4IuBDnCuFZh5ZzUKsEsPco,그냥 오늘 밤 Just Tonight,spotify:track:4IuBDnCuFZh5ZzUKsEsPco,0.264,0.671,0.664,0.0,0.307,-6.105,0.048,144.954,0.806,30,GOT7
218,Identify,6,1EZZx06gwVrNIvI2q8FNRo,볼륨을 올려줘 Turn Up the Music,spotify:track:1EZZx06gwVrNIvI2q8FNRo,0.189,0.711,0.896,0.0,0.439,-4.385,0.0435,126.008,0.83,28,GOT7
219,Identify,7,2EiCUMmX58QpTt3P1xlTtp,그대로 있어도 돼 Stay,spotify:track:2EiCUMmX58QpTt3P1xlTtp,0.265,0.702,0.683,0.0,0.041,-6.149,0.067,99.936,0.928,30,GOT7
220,Identify,8,6Ok9QR8acQtl6h42NmzNk6,달빛 Moonlight,spotify:track:6Ok9QR8acQtl6h42NmzNk6,0.0973,0.749,0.723,0.00297,0.243,-7.249,0.0655,96.025,0.509,34,GOT7
221,Identify,9,0tpGADszAcRk6HTQJeEzmv,She’s a monster,spotify:track:0tpGADszAcRk6HTQJeEzmv,0.431,0.647,0.722,0.0,0.13,-5.434,0.065,126.952,0.609,35,GOT7
222,Identify,10,2dETpDlDJxEGqDzDMBEksb,Girls Girls Girls,spotify:track:2dETpDlDJxEGqDzDMBEksb,0.0882,0.798,0.893,4.43e-05,0.0876,-3.584,0.0714,89.988,0.502,47,GOT7
223,Identify,11,26yRudD12w6Tlr9jWmGxIC,A,spotify:track:26yRudD12w6Tlr9jWmGxIC,0.00766,0.713,0.804,0.0,0.119,-3.691,0.0322,102.948,0.446,38,GOT7
224,Identify,1,5HxO67kcc4rs1H3HYBpaSF,하지하지마,spotify:track:5HxO67kcc4rs1H3HYBpaSF,0.00886,0.576,0.612,0.0,0.0524,-3.804,0.046,178.314,0.686,10,GOT7
226,Identify,3,5pSwVQeqKIpXlxcmZMnfm5,손이 가,spotify:track:5pSwVQeqKIpXlxcmZMnfm5,0.063,0.686,0.839,0.0,0.0643,-5.344,0.0754,97.991,0.576,5,GOT7
227,Identify,4,5SB9Cn1T5a3sztCia1nKkp,너란 Girl,spotify:track:5SB9Cn1T5a3sztCia1nKkp,0.0596,0.721,0.87,0.0,0.346,-4.129,0.0445,109.962,0.842,3,GOT7
228,Identify,5,6pHn0ssK09n7AZR3QFfFK4,그냥 오늘 밤,spotify:track:6pHn0ssK09n7AZR3QFfFK4,0.264,0.671,0.663,0.0,0.307,-6.103,0.048,144.975,0.806,2,GOT7
229,Identify,6,7jxPZh9GUWykxEGWf96rrT,볼륨을 올려줘,spotify:track:7jxPZh9GUWykxEGWf96rrT,0.189,0.711,0.896,0.0,0.439,-4.385,0.0434,126.005,0.83,2,GOT7
230,Identify,7,2Ou5MvnAqGjgcBo5vqvIjJ,그대로 있어도 돼,spotify:track:2Ou5MvnAqGjgcBo5vqvIjJ,0.265,0.703,0.683,0.0,0.041,-6.149,0.0668,99.939,0.928,2,GOT7
231,Identify,8,2pHfA0DAy5WIBJnfPeuyfV,달빛,spotify:track:2pHfA0DAy5WIBJnfPeuyfV,0.0973,0.749,0.723,0.0029,0.243,-7.249,0.0654,96.027,0.509,2,GOT7
232,Identify,9,7t8q89ENlUrJmADW9zW8i4,She's a monster,spotify:track:7t8q89ENlUrJmADW9zW8i4,0.431,0.648,0.722,0.0,0.13,-5.434,0.065,126.95,0.61,4,GOT7
1,BE,2,5xfFv9ibZGTEEouUNmRvUg,내 방을 여행하는 법,spotify:track:5xfFv9ibZGTEEouUNmRvUg,0.0484,0.764,0.526,0.0,0.0718,-7.355,0.212,114.91,0.588,40,BTS
4,BE,5,5fsaGiSOOpGY8QHS5aeJFg,잠시,spotify:track:5fsaGiSOOpGY8QHS5aeJFg,0.00782,0.787,0.669,0.0,0.123,-4.333,0.0428,104.994,0.57,41,BTS
5,BE,6,2OMG3LnKtXKfM9l21Yoae2,병,spotify:track:2OMG3LnKtXKfM9l21Yoae2,0.0132,0.731,0.845,0.0,0.0782,-5.352,0.132,101.085,0.484,42,BTS
8,BE,1,249gnXrbfmV8NG6jTEMSwD,Life Goes On,spotify:track:249gnXrbfmV8NG6jTEMSwD,0.00691,0.566,0.716,0.0,0.37,-5.733,0.0424,81.068,0.45,84,BTS
9,BE,2,3QH8rQGNFX8VLbCgZ7uPTS,Fly To My Room,spotify:track:3QH8rQGNFX8VLbCgZ7uPTS,0.0484,0.764,0.526,0.0,0.0718,-7.355,0.212,114.91,0.588,76,BTS
10,BE,3,0n2moJpAEWHwaPYYjkzMDl,Blue & Grey,spotify:track:0n2moJpAEWHwaPYYjkzMDl,0.42,0.547,0.605,0.0,0.125,-6.755,0.0415,121.953,0.364,77,BTS
11,BE,4,4GVwjLRT7oSsKby7Vy8EHr,Skit,spotify:track:4GVwjLRT7oSsKby7Vy8EHr,0.864,0.703,0.321,0.0,0.908,-13.135,0.884,114.822,0.544,60,BTS
12,BE,5,2FVpOsjT1iquZ3SpCjZ9Ne,Telepathy,spotify:track:2FVpOsjT1iquZ3SpCjZ9Ne,0.00782,0.787,0.669,0.0,0.123,-4.333,0.0428,104.994,0.57,77,BTS
13,BE,6,54DmTIv86D3sYdiawjULQ0,Dis-ease,spotify:track:54DmTIv86D3sYdiawjULQ0,0.0132,0.731,0.845,0.0,0.0782,-5.352,0.132,101.085,0.484,76,BTS
14,BE,7,3ndCsZfq8OVwwkz9mmZvUz,Stay,spotify:track:3ndCsZfq8OVwwkz9mmZvUz,0.114,0.582,0.693,0.0,0.13,-5.048,0.0465,125.904,0.341,76,BTS
15,BE,8,4saklk6nie3yiGePpBwUoc,Dynamite,spotify:track:4saklk6nie3yiGePpBwUoc,0.0112,0.746,0.765,0.0,0.0936,-4.41,0.0993,114.044,0.737,89,BTS
16,MAP OF THE SOUL : 7 ~ THE JOURNEY ~,1,5raJ9QoZOdoRZ1MZOcygkR,INTRO : Calling,spotify:track:5raJ9QoZOdoRZ1MZOcygkR,0.582,0.486,0.61,0.791,0.144,-12.063,0.0348,144.992,0.0806,55,BTS
17,MAP OF THE SOUL : 7 ~ THE JOURNEY ~,2,3Ys2PYl1wyPKQIwyqhP9cQ,Stay Gold,spotify:track:3Ys2PYl1wyPKQIwyqhP9cQ,0.0892,0.723,0.634,0.0,0.0787,-5.415,0.0542,129.017,0.582,73,BTS
18,MAP OF THE SOUL : 7 ~ THE JOURNEY ~,3,1GAAUZBTaIM1LwNpOJQJrZ,Boy With Luv - Japanese ver.,spotify:track:1GAAUZBTaIM1LwNpOJQJrZ,0.0661,0.673,0.855,0.0,0.209,-4.65,0.089,119.917,0.78,57,BTS
19,MAP OF THE SOUL : 7 ~ THE JOURNEY ~,4,6P0Ni8GrnwRScC4uk8tKqM,Make It Right - Japanese ver.,spotify:track:6P0Ni8GrnwRScC4uk8tKqM,0.0163,0.571,0.703,0.0,0.262,-7.401,0.468,104.067,0.238,52,BTS
20,MAP OF THE SOUL : 7 ~ THE JOURNEY ~,5,6j0NiWoRQDiNC05RwVVZNa,Dionysus - Japanese ver.,spotify:track:6j0NiWoRQDiNC05RwVVZNa,0.0218,0.455,0.893,0.0,0.358,-3.712,0.148,175.992,0.588,51,BTS
21,MAP OF THE SOUL : 7 ~ THE JOURNEY ~,6,2vYF5MHeCNtqCVastthDAo,IDOL - Japanese ver.,spotify:track:2vYF5MHeCNtqCVastthDAo,0.000331,0.705,0.754,0.0,0.129,-5.453,0.0895,126.014,0.422,52,BTS
22,MAP OF THE SOUL : 7 ~ THE JOURNEY ~,7,4EeVAiJtyblHzvkN9sZCmM,Airplane pt.2 - Japanese ver.,spotify:track:4EeVAiJtyblHzvkN9sZCmM,0.04,0.752,0.782,1.04e-06,0.0841,-5.173,0.0297,139.994,0.901,53,BTS
23,MAP OF THE SOUL : 7 ~ THE JOURNEY ~,8,4jTEbIwCMcHSwlSEiR4NlQ,FAKE LOVE - Japanese ver.,spotify:track:4jTEbIwCMcHSwlSEiR4NlQ,0.00362,0.546,0.682,0.0,0.295,-5.628,0.039,154.923,0.433,53,BTS
24,MAP OF THE SOUL : 7 ~ THE JOURNEY ~,9,5smmjzMNkj4YSacTBH6taZ,Black Swan - Japanese ver.,spotify:track:5smmjzMNkj4YSacTBH6taZ,0.166,0.714,0.736,0.0,0.133,-5.724,0.0819,147.037,0.536,51,BTS
25,MAP OF THE SOUL : 7 ~ THE JOURNEY ~,10,2hhizKAVm9wNn0d2N05jkG,ON - Japanese ver.,spotify:track:2hhizKAVm9wNn0d2N05jkG,0.119,0.598,0.821,0.0,0.298,-5.653,0.114,105.991,0.428,51,BTS
26,MAP OF THE SOUL : 7 ~ THE JOURNEY ~,11,3TDUktzfYXMWjkWqwoT5F1,Lights,spotify:track:3TDUktzfYXMWjkWqwoT5F1,0.156,0.608,0.644,0.0,0.124,-5.588,0.0314,99.005,0.431,70,BTS
27,MAP OF THE SOUL : 7 ~ THE JOURNEY ~,12,3TZ7NHkMT82AhwuYsd00Hz,Your eyes tell,spotify:track:3TZ7NHkMT82AhwuYsd00Hz,0.279,0.449,0.491,0.0,0.0654,-6.433,0.029,139.923,0.258,74,BTS
28,MAP OF THE SOUL : 7 ~ THE JOURNEY ~,13,0VF357Gjay5vvCqWA1kSu6,OUTRO : The Journey,spotify:track:0VF357Gjay5vvCqWA1kSu6,0.704,0.523,0.455,0.459,0.135,-14.26,0.0632,136.959,0.165,53,BTS
50,MAP OF THE SOUL : 7,2,1ZpFxOhpzT1MDCq7zjtOV1,Boy With Luv (Feat. Halsey),spotify:track:1ZpFxOhpzT1MDCq7zjtOV1,0.0923,0.645,0.862,0.0,0.192,-4.757,0.0965,119.991,0.798,65,BTS
54,MAP OF THE SOUL : 7,6,2Nib4r0saYQf2pUV4RFDhl,Interlude : Shadow,spotify:track:2Nib4r0saYQf2pUV4RFDhl,0.115,0.385,0.798,0.0,0.181,-6.439,0.483,149.756,0.141,68,BTS
55,MAP OF THE SOUL : 7,7,3bkkMZEAhx7rTVz1C0itRQ,Black Swan,spotify:track:3bkkMZEAhx7rTVz1C0itRQ,0.137,0.719,0.758,0.0,0.129,-5.167,0.0851,147.023,0.49,70,BTS
56,MAP OF THE SOUL : 7,8,0ono6UCNVZ1XqOm6j78Blu,Filter,spotify:track:0ono6UCNVZ1XqOm6j78Blu,0.0222,0.781,0.762,0.0,0.121,-5.188,0.0626,110.042,0.86,79,BTS
57,MAP OF THE SOUL : 7,9,4vTgx6h4seHvkuFh84JXYP,My Time,spotify:track:4vTgx6h4seHvkuFh84JXYP,0.151,0.674,0.64,0.0,0.0925,-5.139,0.0339,99.908,0.664,74,BTS
58,MAP OF THE SOUL : 7,10,3op7HNwLli54MBjFGzIlZO,Louder than bombs,spotify:track:3op7HNwLli54MBjFGzIlZO,0.0433,0.643,0.667,0.0,0.0904,-6.993,0.152,145.999,0.485,72,BTS
59,MAP OF THE SOUL : 7,11,2QyuXBcV1LJ2rq01KhreMF,ON,spotify:track:2QyuXBcV1LJ2rq01KhreMF,0.118,0.583,0.817,0.0,0.338,-5.146,0.0987,105.936,0.438,77,BTS
60,MAP OF THE SOUL : 7,12,1aKuG1GG76xPLUkjBbQo3W,UGH!,spotify:track:1aKuG1GG76xPLUkjBbQo3W,0.0394,0.72,0.824,0.0,0.0509,-5.086,0.128,165.998,0.333,72,BTS
61,MAP OF THE SOUL : 7,13,4AlihYDqxXshKhvh5tnMfP,00:00 (Zero O’Clock),spotify:track:4AlihYDqxXshKhvh5tnMfP,0.0802,0.566,0.548,0.0,0.11,-6.456,0.0579,157.999,0.196,72,BTS
62,MAP OF THE SOUL : 7,14,4BKOjYosPhw334moS3wlbO,Inner Child,spotify:track:4BKOjYosPhw334moS3wlbO,0.017,0.589,0.696,0.0,0.0808,-7.981,0.0725,134.953,0.332,71,BTS
63,MAP OF THE SOUL : 7,15,7w05lsU2VLSeiT8Nukrv5M,Friends,spotify:track:7w05lsU2VLSeiT8Nukrv5M,0.0668,0.55,0.747,0.0,0.0536,-5.211,0.0407,79.98,0.648,72,BTS
64,MAP OF THE SOUL : 7,16,1xfXXujIlLZAx5wpu46Nyk,Moon,spotify:track:1xfXXujIlLZAx5wpu46Nyk,0.0104,0.703,0.646,0.0,0.191,-6.658,0.0596,141.87,0.64,72,BTS
65,MAP OF THE SOUL : 7,17,37TSJmYKLxXmx8OehFpqMN,Respect,spotify:track:37TSJmYKLxXmx8OehFpqMN,0.00485,0.661,0.84,0.0,0.287,-4.805,0.116,91.457,0.524,67,BTS
66,MAP OF THE SOUL : 7,18,44WLOqH7QayQOQdeUHeKUK,We are Bulletproof : the Eternal,spotify:track:44WLOqH7QayQOQdeUHeKUK,0.225,0.526,0.575,0.0,0.108,-5.215,0.0309,84.047,0.19,72,BTS
67,MAP OF THE SOUL : 7,19,3r9FFjLrAIQjoR8pSHVPC9,Outro : Ego,spotify:track:3r9FFjLrAIQjoR8pSHVPC9,0.0121,0.808,0.903,0.000233,0.0993,-3.106,0.0958,116.988,0.473,69,BTS
68,MAP OF THE SOUL : 7,20,3IB5qOeMayvpOdHxYCL5tZ,ON (Feat. Sia),spotify:track:3IB5qOeMayvpOdHxYCL5tZ,0.137,0.591,0.848,0.0,0.372,-4.397,0.0828,105.922,0.386,64,BTS
80,MAP OF THE SOUL : 7,12,200110T27gmATYagfNYzkF,욱 (UGH!),spotify:track:200110T27gmATYagfNYzkF,0.0394,0.72,0.824,0.0,0.0509,-5.086,0.128,165.996,0.333,35,BTS
83,MAP OF THE SOUL : 7,15,2dkFOWqyiVFS3xsQUEdBJG,친구,spotify:track:2dkFOWqyiVFS3xsQUEdBJG,0.0668,0.55,0.747,0.0,0.0536,-5.211,0.0407,79.979,0.649,38,BTS
88,MAP OF THE SOUL : 7,20,6lutTv6vHG0GGf8L962cZA,ON (feat. Sia),spotify:track:6lutTv6vHG0GGf8L962cZA,0.137,0.591,0.848,0.0,0.372,-4.396,0.0828,105.924,0.385,28,BTS
90,MAP OF THE SOUL : PERSONA,2,6kvhVDjY3s70PwM7naA5O2,작은 것들을 위한 시 (Boy With Luv) [feat. Halsey],spotify:track:6kvhVDjY3s70PwM7naA5O2,0.0933,0.645,0.862,0.0,0.193,-4.761,0.0845,119.947,0.803,46,BTS
91,MAP OF THE SOUL : PERSONA,3,3DfLM8Tp8opz7gofnoQLKR,소우주 (Mikrokosmos),spotify:track:3DfLM8Tp8opz7gofnoQLKR,0.125,0.579,0.858,0.0,0.0502,-5.212,0.114,174.043,0.475,40,BTS
96,MAP OF THE SOUL : PERSONA,1,2isSdmQfVv32j2haL6hk9x,Intro : Persona,spotify:track:2isSdmQfVv32j2haL6hk9x,0.0278,0.469,0.87,0.0,0.313,-4.475,0.342,86.622,0.652,64,BTS
97,MAP OF THE SOUL : PERSONA,2,5KawlOMHjWeUjQtnuRs22c,Boy With Luv (feat. Halsey),spotify:track:5KawlOMHjWeUjQtnuRs22c,0.0923,0.645,0.862,0.0,0.192,-4.757,0.0965,119.991,0.798,82,BTS
98,MAP OF THE SOUL : PERSONA,3,5hnbE5BF2e8BCk9OMR1UVC,Mikrokosmos,spotify:track:5hnbE5BF2e8BCk9OMR1UVC,0.125,0.58,0.858,0.0,0.0502,-5.212,0.114,174.039,0.475,75,BTS
99,MAP OF THE SOUL : PERSONA,4,6KUE0HSSudAp9AOycaF6SH,Make It Right,spotify:track:6KUE0HSSudAp9AOycaF6SH,0.0104,0.638,0.703,0.0,0.132,-7.874,0.444,105.766,0.261,72,BTS
100,MAP OF THE SOUL : PERSONA,5,7lthOBXNue2IvedLRfkod8,HOME,spotify:track:7lthOBXNue2IvedLRfkod8,0.0142,0.633,0.799,0.0,0.194,-4.625,0.0429,142.991,0.535,74,BTS
101,MAP OF THE SOUL : PERSONA,6,0eeeyCAGnGZInPtpkdYiPa,Jamais Vu,spotify:track:0eeeyCAGnGZInPtpkdYiPa,0.226,0.608,0.47,0.0,0.0963,-6.73,0.0428,81.0,0.241,68,BTS
102,MAP OF THE SOUL : PERSONA,7,6JdS5rJvJaRA7B1tcm7kxZ,Dionysus,spotify:track:6JdS5rJvJaRA7B1tcm7kxZ,0.04,0.502,0.91,0.0,0.319,-2.769,0.107,176.084,0.588,71,BTS
103,Love Yourself 轉 'Tear',1,6ePyl2ns4b7MVYhjsj32ZK,Intro: Singularity,spotify:track:6ePyl2ns4b7MVYhjsj32ZK,0.554,0.775,0.271,0.00285,0.112,-9.131,0.092,104.001,0.204,65,BTS
104,Love Yourself 轉 'Tear',2,3aW0ds4A4tSQDIp75FqWTo,FAKE LOVE,spotify:track:3aW0ds4A4tSQDIp75FqWTo,0.00267,0.557,0.719,0.0,0.306,-4.515,0.0372,77.501,0.344,73,BTS
105,Love Yourself 轉 'Tear',3,48XfojJC87VKLlUotYV0Gm,The Truth Untold,spotify:track:48XfojJC87VKLlUotYV0Gm,0.372,0.57,0.422,0.0,0.127,-7.561,0.0422,113.007,0.169,71,BTS
106,Love Yourself 轉 'Tear',4,38td8VabuKlQt72Q2VnhbO,134340,spotify:track:38td8VabuKlQt72Q2VnhbO,0.153,0.664,0.688,9.14e-05,0.173,-6.466,0.0543,106.022,0.65,69,BTS
107,Love Yourself 轉 'Tear',5,01dmH2IPkrLNWIMPNXlreE,Paradise,spotify:track:01dmH2IPkrLNWIMPNXlreE,0.214,0.519,0.828,0.0,0.0571,-5.523,0.365,139.413,0.929,70,BTS
108,Love Yourself 轉 'Tear',6,645YBsxhFPSOKxGep3uHLv,Love Maze,spotify:track:645YBsxhFPSOKxGep3uHLv,0.0487,0.636,0.876,0.0,0.0728,-4.652,0.0617,149.932,0.759,71,BTS
109,Love Yourself 轉 'Tear',7,22ryCgQttpV7oCrn7llGRu,Magic Shop,spotify:track:22ryCgQttpV7oCrn7llGRu,0.103,0.541,0.661,0.0,0.0779,-5.838,0.0889,149.926,0.285,70,BTS
110,Love Yourself 轉 'Tear',8,1trFxVLL8WKhYap543e74l,Airplane pt.2,spotify:track:1trFxVLL8WKhYap543e74l,0.0268,0.769,0.817,9.95e-05,0.084,-4.092,0.0339,139.979,0.866,68,BTS
111,Love Yourself 轉 'Tear',9,4lRwa7PKcGIuJMwtPIYKdy,Anpanman,spotify:track:4lRwa7PKcGIuJMwtPIYKdy,0.0237,0.813,0.875,0.0,0.288,-2.92,0.0918,99.004,0.756,67,BTS
112,Love Yourself 轉 'Tear',10,4CvId64YZSB0RfRdfzPIQU,So What,spotify:track:4CvId64YZSB0RfRdfzPIQU,0.0238,0.656,0.883,0.0,0.0481,-4.294,0.0737,129.947,0.46,71,BTS
113,Love Yourself 轉 'Tear',11,5p10VwQ8LRoyTc8LFrvPw6,Outro: Tear,spotify:track:5p10VwQ8LRoyTc8LFrvPw6,0.327,0.711,0.903,0.0,0.0887,-2.723,0.247,140.015,0.467,63,BTS
116,LOVE YOURSELF 轉 'Tear',3,2JbcAngUDTCCk4dq3MAmPr,전하지 못한 진심,spotify:track:2JbcAngUDTCCk4dq3MAmPr,0.374,0.571,0.422,0.0,0.127,-7.561,0.0422,113.016,0.169,32,BTS
118,LOVE YOURSELF 轉 'Tear',5,26riAM6N3mEGaeUDY7rgnv,낙원,spotify:track:26riAM6N3mEGaeUDY7rgnv,0.214,0.551,0.828,0.0,0.0571,-5.523,0.352,139.662,0.928,36,BTS
125,FACE YOURSELF,1,3asJVXjbxNEOwPUL47wvcc,INTRO : Ringwanderung,spotify:track:3asJVXjbxNEOwPUL47wvcc,0.552,0.589,0.824,0.0275,0.133,-6.402,0.26,115.3,0.207,51,BTS
126,FACE YOURSELF,2,6yGKx4J9UdMp7tcaGXWzDj,Best Of Me - Japanese ver.,spotify:track:6yGKx4J9UdMp7tcaGXWzDj,0.0366,0.659,0.769,0.0,0.405,-4.262,0.0831,122.006,0.398,49,BTS
127,FACE YOURSELF,3,6u1ILVDFXcmQGQGCA3h849,血、汗、涙 - Japanese ver.,spotify:track:6u1ILVDFXcmQGQGCA3h849,0.0704,0.61,0.892,0.0,0.315,-3.52,0.108,93.039,0.576,51,BTS
128,FACE YOURSELF,4,4Bkh5uDlP14vneIoRG0umC,DNA - Japanese ver.,spotify:track:4Bkh5uDlP14vneIoRG0umC,0.00335,0.574,0.761,0.0,0.0645,-3.579,0.0849,129.817,0.597,51,BTS
129,FACE YOURSELF,5,6aJj9OlLiZVagW8fd8ZtK3,Not Today - Japanese ver.,spotify:track:6aJj9OlLiZVagW8fd8ZtK3,0.00191,0.598,0.938,0.0,0.88,-4.068,0.143,110.021,0.672,48,BTS
130,FACE YOURSELF,6,3N6te5xi59Ex4HudLKsgGS,MIC Drop - Japanese ver.,spotify:track:3N6te5xi59Ex4HudLKsgGS,0.0136,0.664,0.913,0.0,0.1,-4.474,0.148,169.974,0.622,49,BTS
131,FACE YOURSELF,7,3zIG0WuI5RoJsFYnErkFDU,Don't Leave Me,spotify:track:3zIG0WuI5RoJsFYnErkFDU,0.116,0.62,0.778,0.0,0.312,-4.622,0.0724,147.012,0.386,69,BTS
132,FACE YOURSELF,8,0YguyyCOTyujhSDXWyB4W3,Go Go - Japanese ver.,spotify:track:0YguyyCOTyujhSDXWyB4W3,0.222,0.837,0.69,0.0,0.0833,-4.705,0.088,136.07,0.847,49,BTS
133,FACE YOURSELF,9,6NbfFVZ01Ttvvqmcok8DxL,Crystal Snow,spotify:track:6NbfFVZ01Ttvvqmcok8DxL,0.117,0.618,0.766,0.0,0.121,-4.507,0.0323,113.997,0.448,65,BTS
134,FACE YOURSELF,10,4a8guR4owPEdDyLsPIC6HP,Spring Day - Japanese ver.,spotify:track:4a8guR4owPEdDyLsPIC6HP,0.104,0.572,0.825,0.0,0.085,-4.383,0.037,106.976,0.424,52,BTS
135,FACE YOURSELF,11,1OqDvYVDhJyFZny7XlfIyZ,Let Go,spotify:track:1OqDvYVDhJyFZny7XlfIyZ,0.17,0.558,0.863,0.0,0.289,-3.53,0.178,173.908,0.388,70,BTS
136,FACE YOURSELF,12,0qrPZ27AhOahJivGsDbUSS,OUTRO : Crack,spotify:track:0qrPZ27AhOahJivGsDbUSS,0.864,0.729,0.386,0.574,0.114,-5.623,0.382,90.138,0.0567,52,BTS
140,LOVE YOURSELF 承 'Her',4,3koVXejNP4AUxYTCl3g0yv,보조개,spotify:track:3koVXejNP4AUxYTCl3g0yv,0.14,0.612,0.844,0.0,0.289,-4.694,0.0757,134.872,0.652,28,BTS
144,LOVE YOURSELF 承 'Her',8,5S3JyppRlfFJEQ2483OXqw,고민보다 Go,spotify:track:5S3JyppRlfFJEQ2483OXqw,0.171,0.856,0.617,0.0,0.0857,-5.308,0.084,136.081,0.759,29,BTS
146,Love Yourself 承 'Her',1,7iV733e1KacKrFRaBNxVEf,Intro: Serendipity,spotify:track:7iV733e1KacKrFRaBNxVEf,0.523,0.476,0.581,0.0,0.201,-8.795,0.12,129.568,0.282,67,BTS
147,Love Yourself 承 'Her',2,5SE57ljOIUJ1ybL9U6CuBH,DNA,spotify:track:5SE57ljOIUJ1ybL9U6CuBH,0.022,0.598,0.775,0.0,0.0677,-4.035,0.0545,129.819,0.687,71,BTS
148,Love Yourself 承 'Her',3,2tdq0CeAGSfhI2l4Gwkvgx,Best Of Me,spotify:track:2tdq0CeAGSfhI2l4Gwkvgx,0.0298,0.651,0.756,0.0,0.396,-4.388,0.0762,121.96,0.473,65,BTS
149,Love Yourself 承 'Her',4,3ryjLm3oupIjJFGc39naNi,dimple,spotify:track:3ryjLm3oupIjJFGc39naNi,0.142,0.612,0.844,0.0,0.287,-4.694,0.0756,134.868,0.653,67,BTS
150,Love Yourself 承 'Her',5,0ffweDHrg4bZqdG4IfGYuo,Pied Piper,spotify:track:0ffweDHrg4bZqdG4IfGYuo,0.2,0.583,0.712,0.0,0.268,-4.942,0.0326,94.051,0.776,75,BTS
151,Love Yourself 承 'Her',6,7KXEhfjwdxHVra8VcT2QHH,Skit: Billboard Music Awards Speech,spotify:track:7KXEhfjwdxHVra8VcT2QHH,0.38,0.252,0.694,0.000203,0.66,-15.389,0.429,87.293,0.325,49,BTS
152,Love Yourself 承 'Her',7,2SYa5Lx1uoCvyDIW4oee9b,MIC Drop,spotify:track:2SYa5Lx1uoCvyDIW4oee9b,0.00912,0.667,0.889,0.0,0.0816,-4.851,0.0918,169.959,0.541,65,BTS
153,Love Yourself 承 'Her',8,5nq1uTNIR1cBR72T87viS0,Go Go,spotify:track:5nq1uTNIR1cBR72T87viS0,0.171,0.856,0.617,0.0,0.0857,-5.308,0.0841,136.082,0.759,66,BTS
154,Love Yourself 承 'Her',9,3l8yQMdniG6Os8gUBNXV57,Outro: Her,spotify:track:3l8yQMdniG6Os8gUBNXV57,0.317,0.481,0.927,0.0,0.0583,-5.704,0.27,88.931,0.448,59,BTS
187,You Never Walk Alone,15,0WNGsQ1oAuHzNTk8jivBKW,Spring Day,spotify:track:0WNGsQ1oAuHzNTk8jivBKW,0.0063,0.539,0.846,1.68e-06,0.13,-3.192,0.0354,106.992,0.46,74,BTS
188,You Never Walk Alone,16,4hrpoqJMVE7FxBu1YWx0eQ,Not Today,spotify:track:4hrpoqJMVE7FxBu1YWx0eQ,0.00181,0.594,0.946,1.04e-06,0.923,-3.408,0.126,110.024,0.665,70,BTS
189,You Never Walk Alone,17,1yEzWCIc2MUt9Fw1p25YUo,Outro: Wings,spotify:track:1yEzWCIc2MUt9Fw1p25YUo,0.00503,0.654,0.903,0.0,0.0875,-3.117,0.121,124.988,0.659,67,BTS
190,You Never Walk Alone,18,0rwNiysHvEWZWendzWyadr,A Supplementary Story: You Never Walk Alone,spotify:track:0rwNiysHvEWZWendzWyadr,0.00596,0.695,0.903,0.0,0.0668,-4.788,0.152,127.99,0.59,61,BTS
205,YOU NEVER WALK ALONE,15,0T3WfdRMvubYcDGG4YJqZo,봄날,spotify:track:0T3WfdRMvubYcDGG4YJqZo,0.00631,0.539,0.846,1.71e-06,0.13,-3.192,0.0354,106.994,0.462,40,BTS
216,WINGS,8,00EpTcZPrp4vNv8aToYBpv,Mama,spotify:track:00EpTcZPrp4vNv8aToYBpv,0.000222,0.544,0.744,1.66e-05,0.0796,-4.795,0.219,185.996,0.437,39,BTS
225,WINGS,2,5SXYv9JMHE4oWsy5T4JCo8,피 땀 눈물,spotify:track:5SXYv9JMHE4oWsy5T4JCo8,0.0244,0.584,0.885,0.0,0.357,-3.571,0.104,92.9,0.605,36,BTS
236,WINGS,13,0ilGvntcG4XQs7Gv8x5U5J,21세기 소녀,spotify:track:0ilGvntcG4XQs7Gv8x5U5J,0.00424,0.716,0.906,0.0,0.0547,-3.539,0.0719,101.029,0.763,30,BTS
237,WINGS,14,3bQITgxEQPUjZTGgVgs8zD,둘! 셋! (그래도 좋은 날이 더 많기를),spotify:track:3bQITgxEQPUjZTGgVgs8zD,0.0257,0.442,0.928,0.0,0.1,-4.096,0.207,169.847,0.601,28,BTS
239,Wings,1,62c60jSWnJWI4EImxeNeSW,Intro: Boy Meets Evil,spotify:track:62c60jSWnJWI4EImxeNeSW,0.0212,0.573,0.89,0.0,0.132,-3.53,0.214,130.254,0.242,61,BTS
240,Wings,2,5RGf8qn1TBWVplLyyKUsuV,Blood Sweat & Tears,spotify:track:5RGf8qn1TBWVplLyyKUsuV,0.0244,0.583,0.885,0.0,0.357,-3.571,0.106,92.959,0.601,74,BTS
241,Wings,3,6KQSeSPqBa15gMWLO1fdkk,Begin,spotify:track:6KQSeSPqBa15gMWLO1fdkk,0.00361,0.566,0.844,0.000257,0.141,-5.222,0.0444,131.049,0.291,67,BTS
242,Wings,4,2cn8rNlgnQOJoqWqXRvWQu,Lie,spotify:track:2cn8rNlgnQOJoqWqXRvWQu,0.00331,0.542,0.777,0.0,0.178,-5.582,0.033,94.069,0.503,68,BTS
243,Wings,5,626lrZfNIlthgrUfjvRYrh,Stigma,spotify:track:626lrZfNIlthgrUfjvRYrh,0.148,0.583,0.475,0.0,0.139,-5.556,0.0846,136.034,0.332,68,BTS
244,Wings,6,3TVWi92dWPMVcKpXvX32UX,First Love,spotify:track:3TVWi92dWPMVcKpXvX32UX,0.362,0.517,0.741,0.0,0.164,-5.997,0.323,86.526,0.672,59,BTS
245,Wings,7,4Eqo5hcqVnaAfL4J4W5Jjl,Reflection,spotify:track:4Eqo5hcqVnaAfL4J4W5Jjl,0.0135,0.56,0.607,1.63e-06,0.2,-7.991,0.076,73.995,0.27,57,BTS
246,Wings,8,5U1XqpEGLeDd48dDFNqQEC,MAMA,spotify:track:5U1XqpEGLeDd48dDFNqQEC,0.000226,0.544,0.739,2.14e-05,0.0816,-4.818,0.232,185.81,0.467,59,BTS
247,Wings,9,0UDCfleTgwihlnOUxbzokR,Awake,spotify:track:0UDCfleTgwihlnOUxbzokR,0.023,0.357,0.498,1.99e-06,0.269,-6.589,0.0332,142.816,0.339,64,BTS
248,Wings,10,44F7Ieb36A6B2mXgrJLdR9,Lost,spotify:track:44F7Ieb36A6B2mXgrJLdR9,0.000371,0.547,0.84,0.0,0.0562,-4.156,0.0551,85.001,0.479,62,BTS
249,Wings,11,1QWxddJmOhQb1vDdyTipMR,BTS Cypher 4,spotify:track:1QWxddJmOhQb1vDdyTipMR,0.00533,0.817,0.797,7.77e-06,0.0551,-4.395,0.084,119.977,0.362,67,BTS
250,Wings,12,1ORnZ5RmTKhVxPrjORKxAE,Am I Wrong,spotify:track:1ORnZ5RmTKhVxPrjORKxAE,0.00125,0.761,0.834,1e-05,0.0868,-4.992,0.0494,107.988,0.68,58,BTS
251,Wings,13,6RioKpKPuG1vuyU0wnlAZx,21st Century Girl,spotify:track:6RioKpKPuG1vuyU0wnlAZx,0.00423,0.716,0.906,0.0,0.0547,-3.539,0.0717,101.028,0.762,66,BTS
252,Wings,14,0ma7lbs8BsVIv2kSaqOsDI,2! 3!,spotify:track:0ma7lbs8BsVIv2kSaqOsDI,0.0254,0.439,0.928,0.0,0.1,-4.096,0.233,169.928,0.599,62,BTS
253,Wings,15,6xtjXO1EbKNLMIEGZQU3Fv,Interlude: Wings,spotify:track:6xtjXO1EbKNLMIEGZQU3Fv,0.0102,0.638,0.851,0.0,0.114,-3.042,0.0662,125.0,0.6,59,BTS
254,YOUTH,1,2kOe9xRoNs0jRIXGRO10wp,INTRODUCTION : YOUTH,spotify:track:2kOe9xRoNs0jRIXGRO10wp,0.00148,0.563,0.909,0.0028,0.364,-5.321,0.086,87.01,0.547,29,BTS
255,YOUTH,2,0hHw8V6p7p4gIUDdEfnk78,RUN‐Japanese Ver.‐,spotify:track:0hHw8V6p7p4gIUDdEfnk78,0.000741,0.531,0.863,0.000119,0.21,-3.499,0.0411,132.982,0.551,42,BTS
256,YOUTH,3,7oFP6ewu9e7f4Kxm0sClc8,FIRE‐Japanese Ver.‐,spotify:track:7oFP6ewu9e7f4Kxm0sClc8,0.00359,0.651,0.714,0.0,0.125,-2.977,0.0699,99.999,0.508,42,BTS
257,YOUTH,4,0x6ntMwjXoRaNPrrFPoIY0,DOPE‐超ヤベー!‐(Japanese Ver.),spotify:track:0x6ntMwjXoRaNPrrFPoIY0,0.0285,0.579,0.897,0.0,0.43,-3.566,0.212,154.002,0.545,38,BTS
258,YOUTH,5,0AIQYEq4LaKB6R9WiwmSsT,Good Day,spotify:track:0AIQYEq4LaKB6R9WiwmSsT,0.0106,0.611,0.89,0.0,0.075,-3.711,0.0451,94.956,0.665,43,BTS
259,YOUTH,6,4qtif4YRqkU7V1UtDZSHjL,Save ME‐Japanese Ver.‐,spotify:track:4qtif4YRqkU7V1UtDZSHjL,0.0498,0.623,0.804,0.0,0.0903,-3.705,0.0735,140.077,0.394,41,BTS
260,YOUTH,7,05tXjIPecu7f1nHJ5dglYT,フンタン少年団(Japanese Ver.),spotify:track:05tXjIPecu7f1nHJ5dglYT,0.0537,0.69,0.962,0.0,0.347,-3.66,0.199,116.029,0.77,38,BTS
261,YOUTH,8,6hTUjGzDnrEyrmzy9hqkBT,ペップセ‐Japanese Ver.‐,spotify:track:6hTUjGzDnrEyrmzy9hqkBT,0.000955,0.669,0.885,0.0,0.0398,-3.622,0.118,166.967,0.544,38,BTS
262,YOUTH,9,1hSYYD9WI0fuVxN0MFLVYy,Wishing on a star,spotify:track:1hSYYD9WI0fuVxN0MFLVYy,0.0168,0.543,0.832,0.0,0.0398,-4.717,0.209,179.963,0.636,44,BTS
263,YOUTH,10,3f0t8cRg3hz7nyP9W1k9FD,Butterfly‐Japanese Ver.‐,spotify:track:3f0t8cRg3hz7nyP9W1k9FD,0.025,0.319,0.785,0.0,0.074,-4.549,0.0674,149.027,0.231,41,BTS
264,YOUTH,11,4K5ZG5nvQgu9EdyPKSigKm,FOR YOU,spotify:track:4K5ZG5nvQgu9EdyPKSigKm,0.44,0.548,0.809,0.0,0.102,-4.533,0.185,165.892,0.574,46,BTS
265,YOUTH,12,6afHEsJZSp4s4JIPOSgB4w,I NEED U(Japanese Ver.),spotify:track:6afHEsJZSp4s4JIPOSgB4w,0.0147,0.497,0.866,0.0,0.161,-4.02,0.0681,158.049,0.732,44,BTS
266,YOUTH,13,3EiEbnbznDnoPGIU8Btv1F,EPILOGUE : Young Forever‐Japanese Ver.‐,spotify:track:3EiEbnbznDnoPGIU8Btv1F,0.0221,0.461,0.76,0.0,0.104,-4.299,0.236,87.434,0.349,37,BTS
